index,month,year,PDSI,aet,def,ppt,soil,tmax,vpd,pet,gtm,mortality.begin
1,1,1958,0.100000000000001,4,0,63,158,5.40000000000001,0.23,4,GTM_55_7_1,1986
2,2,1958,0,0,0,51,158,3.6,0.23,0,GTM_55_7_1,1986
3,3,1958,0.800000000000001,49,0,172,158,8.7,0.26,49,GTM_55_7_1,1986
4,4,1958,0.800000000000001,100,0,114,158,19.7,0.66,100,GTM_55_7_1,1986
5,5,1958,0.900000000000002,120,0,137,158,25.1,0.8,120,GTM_55_7_1,1986
6,6,1958,1.7,140,11,128,138,29.3,1,152,GTM_55_7_1,1986
7,7,1958,3.7,151,0,211,158,31.3,1.11,151,GTM_55_7_1,1986
8,8,1958,4.6,136,16,115,131,31.5,1.18,152,GTM_55_7_1,1986
9,9,1958,4.9,108,2,111,128,27.4,0.84,111,GTM_55_7_1,1986
10,10,1958,4.1,58,34,17,86,22.9,0.81,91,GTM_55_7_1,1986
11,11,1958,4.1,67,0,147,158,17.6,0.58,67,GTM_55_7_1,1986
12,12,1958,3.1,17,2,15,155,7.2,0.28,19,GTM_55_7_1,1986
13,1,1959,3.5,3,0,105,158,5.7,0.22,3,GTM_55_7_1,1986
14,2,1959,3,32,0,73,158,8.8,0.26,32,GTM_55_7_1,1986
15,3,1959,1.9,83,0,83,158,15.2,0.51,83,GTM_55_7_1,1986
16,4,1959,1,95,21,62,122,20.9,0.75,116,GTM_55_7_1,1986
17,5,1959,0.900000000000002,129,2,133,120,26.5,0.85,131,GTM_55_7_1,1986
18,6,1959,0.600000000000001,114,36,77,79,29.4,0.98,150,GTM_55_7_1,1986
19,7,1959,-1.5,111,45,86,49,31.4,1.17,157,GTM_55_7_1,1986
20,8,1959,-1.6,113,44,105,36,32.6,1.3,157,GTM_55_7_1,1986
21,9,1959,-1.5,110,17,111,32,29.3,1.07,127,GTM_55_7_1,1986
22,10,1959,-1.2,80,7,83,30,22.1,0.68,87,GTM_55_7_1,1986
23,11,1959,-1.7,58,0,62,31,12.3,0.41,58,GTM_55_7_1,1986
24,12,1959,-1.9,43,0,122,103,10.2,0.34,43,GTM_55_7_1,1986
25,1,1960,-2.1,21,0,66,138,6.40000000000001,0.19,21,GTM_55_7_1,1986
26,2,1960,-2.2,8,0,50,150,5.40000000000001,0.21,8,GTM_55_7_1,1986
27,3,1960,-2,11,0,71,158,6,0.24,11,GTM_55_7_1,1986
28,4,1960,-2.7,122,1,54,155,22.3,0.84,124,GTM_55_7_1,1986
29,5,1960,-2.4,135,0,149,158,24.3,0.82,135,GTM_55_7_1,1986
30,6,1960,-2.3,124,27,81,111,29.6,1.02,151,GTM_55_7_1,1986
31,7,1960,-2.6,114,46,71,63,31.3,1.15,161,GTM_55_7_1,1986
32,8,1960,-2.7,110,48,94,42,32.6,1.29,158,GTM_55_7_1,1986
33,9,1960,-3.2,63,59,56,32,30.8,1.29,122,GTM_55_7_1,1986
34,10,1960,-2.9,72,11,73,30,22.6,0.71,83,GTM_55_7_1,1986
35,11,1960,-2.9,65,0,92,53,15.4,0.51,65,GTM_55_7_1,1986
36,12,1960,-2.9,12,0,91,83,6,0.26,12,GTM_55_7_1,1986
37,1,1961,-3.2,2,0,26,86,6,0.27,2,GTM_55_7_1,1986
38,2,1961,-3.1,40,0,93,158,10.6,0.29,40,GTM_55_7_1,1986
39,3,1961,-2.2,70,0,180,158,14.6,0.41,70,GTM_55_7_1,1986
40,4,1961,-2.1,97,5,93,149,17.3,0.57,102,GTM_55_7_1,1986
41,5,1961,1.9,116,0,233,158,22.6,0.66,116,GTM_55_7_1,1986
42,6,1961,1.9,123,27,82,112,28.8,1.02,150,GTM_55_7_1,1986
43,7,1961,2,138,31,112,80,31.7,1.25,169,GTM_55_7_1,1986
44,8,1961,1.4,92,54,63,48,30.8,1.15,146,GTM_55_7_1,1986
45,9,1961,-1.3,55,79,45,36,29.7,1.21,134,GTM_55_7_1,1986
46,10,1961,-2.2,26,82,20,28,24.1,0.96,107,GTM_55_7_1,1986
47,11,1961,-1.9,55,0,121,88,14,0.4,55,GTM_55_7_1,1986
48,12,1961,-1.9,32,0,112,158,7.2,0.25,32,GTM_55_7_1,1986
49,1,1962,-0.599999999999998,2,0,129,158,4.40000000000001,0.2,2,GTM_55_7_1,1986
50,2,1962,1.8,36,0,139,158,10.4,0.25,36,GTM_55_7_1,1986
51,3,1962,1.5,64,0,116,158,10.9,0.35,64,GTM_55_7_1,1986
52,4,1962,1,92,11,77,139,18.6,0.63,102,GTM_55_7_1,1986
53,5,1962,-1.2,116,30,78,97,29.4,1.13,146,GTM_55_7_1,1986
54,6,1962,-1.4,112,38,84,65,29.7,1.07,150,GTM_55_7_1,1986
55,7,1962,-2,87,81,69,43,33,1.33,168,GTM_55_7_1,1986
56,8,1962,-2.1,107,54,101,33,32.9,1.38,160,GTM_55_7_1,1986
57,9,1962,-1.3,103,0,141,64,26,0.8,103,GTM_55_7_1,1986
58,10,1962,-1.1,67,19,60,54,23.4,0.77,86,GTM_55_7_1,1986
59,11,1962,-1.9,32,23,24,45,14.1,0.45,55,GTM_55_7_1,1986
60,12,1962,-2.4,26,0,68,76,7.8,0.29,26,GTM_55_7_1,1986
61,1,1963,-2.9,0,0,20,76,3.1,0.19,0,GTM_55_7_1,1986
62,2,1963,-3.7,2,0,13,76,5.8,0.27,2,GTM_55_7_1,1986
63,3,1963,-3.6,83,0,169,158,17.5,0.57,83,GTM_55_7_1,1986
64,4,1963,-4,91,24,52,116,22,0.72,115,GTM_55_7_1,1986
65,5,1963,-3.5,124,0,139,124,24.9,0.76,124,GTM_55_7_1,1986
66,6,1963,-3.1,120,30,89,88,30.6,1.1,151,GTM_55_7_1,1986
67,7,1963,-2.7,132,32,114,64,31.6,1.14,164,GTM_55_7_1,1986
68,8,1963,-2.7,94,53,76,43,31.7,1.17,146,GTM_55_7_1,1986
69,9,1963,-3.6,32,88,23,33,28.9,1.11,120,GTM_55_7_1,1986
70,10,1963,-4.5,9,97,3,27,28.5,1.29,105,GTM_55_7_1,1986
71,11,1963,-4.3,66,0,106,61,16.5,0.55,66,GTM_55_7_1,1986
72,12,1963,-4.5,0,0,35,61,3.7,0.25,0,GTM_55_7_1,1986
73,1,1964,-4.9,25,0,31,79,8.5,0.3,25,GTM_55_7_1,1986
74,2,1964,-4.9,19,0,75,117,7.7,0.3,19,GTM_55_7_1,1986
75,3,1964,-2.8,76,0,280,158,14.3,0.47,76,GTM_55_7_1,1986
76,4,1964,-2.6,108,3,108,152,21.4,0.7,111,GTM_55_7_1,1986
77,5,1964,-3.2,106,31,58,101,26.3,0.92,137,GTM_55_7_1,1986
78,6,1964,-3.7,99,62,54,53,30.6,1.14,162,GTM_55_7_1,1986
79,7,1964,-3.8,106,60,95,38,32.9,1.36,166,GTM_55_7_1,1986
80,8,1964,-3.1,135,21,136,32,31.6,1.23,156,GTM_55_7_1,1986
81,9,1964,-2.5,117,0,131,40,28.1,1.06,117,GTM_55_7_1,1986
82,10,1964,-3.2,11,83,2,31,22.2,0.86,93,GTM_55_7_1,1986
83,11,1964,-3.3,60,0,81,48,17.5,0.55,60,GTM_55_7_1,1986
84,12,1964,-3.7,38,0,70,76,8.2,0.27,38,GTM_55_7_1,1986
85,1,1965,-3.8,28,0,72,111,8,0.24,28,GTM_55_7_1,1986
86,2,1965,-3.6,23,0,99,158,8.40000000000001,0.3,23,GTM_55_7_1,1986
87,3,1965,-3.4,46,0,94,158,8.40000000000001,0.26,46,GTM_55_7_1,1986
88,4,1965,-3.3,102,5,93,148,22.6,0.79,108,GTM_55_7_1,1986
89,5,1965,-3.4,122,18,99,120,27,0.93,140,GTM_55_7_1,1986
90,6,1965,-3,127,27,100,89,29.5,1.02,154,GTM_55_7_1,1986
91,7,1965,-2.7,130,34,109,63,31.7,1.14,164,GTM_55_7_1,1986
92,8,1965,-3,88,75,71,42,32,1.29,162,GTM_55_7_1,1986
93,9,1965,2.3,115,0,272,158,27.7,0.92,115,GTM_55_7_1,1986
94,10,1965,1.7,64,31,12,105,22.1,0.79,94,GTM_55_7_1,1986
95,11,1965,1,49,9,42,97,17.9,0.56,58,GTM_55_7_1,1986
96,12,1965,-1.5,54,0,61,101,12.4,0.43,54,GTM_55_7_1,1986
97,1,1966,-0.899999999999999,0,0,109,101,3,0.17,0,GTM_55_7_1,1986
98,2,1966,1.1,9,0,110,158,5.90000000000001,0.19,9,GTM_55_7_1,1986
99,3,1966,-1.2,79,0,27,158,15.4,0.49,79,GTM_55_7_1,1986
100,4,1966,1,92,0,192,158,18.1,0.54,92,GTM_55_7_1,1986
101,5,1966,1.5,128,0,169,158,24.3,0.8,128,GTM_55_7_1,1986
102,6,1966,1.1,114,42,45,86,30.1,1.17,156,GTM_55_7_1,1986
103,7,1966,0.700000000000003,122,46,94,53,34.3,1.43,168,GTM_55_7_1,1986
104,8,1966,0.900000000000002,125,17,125,46,29.5,0.96,142,GTM_55_7_1,1986
105,9,1966,1.1,105,0,114,49,26.3,0.84,105,GTM_55_7_1,1986
106,10,1966,0.700000000000003,57,32,47,38,20.8,0.7,89,GTM_55_7_1,1986
107,11,1966,-0.5,58,0,72,48,16,0.46,58,GTM_55_7_1,1986
108,12,1966,-1.1,39,0,107,111,8.3,0.29,39,GTM_55_7_1,1986
109,1,1967,-1.7,34,0,45,119,8.90000000000001,0.28,34,GTM_55_7_1,1986
110,2,1967,-1.9,8,0,65,132,7,0.26,8,GTM_55_7_1,1986
111,3,1967,-2.6,69,0,60,158,17.3,0.49,69,GTM_55_7_1,1986
112,4,1967,-2.8,92,16,67,130,22.1,0.7,108,GTM_55_7_1,1986
113,5,1967,-2.3,120,0,149,151,23.5,0.72,120,GTM_55_7_1,1986
114,6,1967,-1.8,119,23,86,114,29.4,0.95,142,GTM_55_7_1,1986
115,7,1967,-1.6,116,33,85,79,30,1.01,150,GTM_55_7_1,1986
116,8,1967,-1.9,88,57,60,48,29.4,1.03,145,GTM_55_7_1,1986
117,9,1967,-1.6,102,5,105,46,26.1,0.89,107,GTM_55_7_1,1986
118,10,1967,-1,91,0,107,57,22.4,0.81,91,GTM_55_7_1,1986
119,11,1967,-1.2,48,0,66,72,12.9,0.39,48,GTM_55_7_1,1986
120,12,1967,0.700000000000003,35,0,193,158,9.10000000000001,0.26,35,GTM_55_7_1,1986
121,1,1968,0.800000000000001,2,0,57,158,4.5,0.16,2,GTM_55_7_1,1986
122,2,1968,-0.199999999999999,2,0,38,158,4.7,0.21,2,GTM_55_7_1,1986
123,3,1968,0.800000000000001,68,0,170,158,14.2,0.45,68,GTM_55_7_1,1986
124,4,1968,1.3,99,0,148,158,20.2,0.62,99,GTM_55_7_1,1986
125,5,1968,1.9,114,0,167,158,23.3,0.65,114,GTM_55_7_1,1986
126,6,1968,1.7,119,34,64,100,30.6,1.09,153,GTM_55_7_1,1986
127,7,1968,1.4,123,40,92,64,32.1,1.21,163,GTM_55_7_1,1986
128,8,1968,0.800000000000001,89,59,71,43,31.9,1.18,147,GTM_55_7_1,1986
129,9,1968,0.800000000000001,105,12,106,39,27.9,1.08,117,GTM_55_7_1,1986
130,10,1968,-0.599999999999998,43,45,36,30,22.3,0.74,87,GTM_55_7_1,1986
131,11,1968,0.300000000000001,50,0,133,107,12.9,0.4,50,GTM_55_7_1,1986
132,12,1968,0.600000000000001,33,0,149,158,7.3,0.31,33,GTM_55_7_1,1986
133,1,1969,2.8,5,0,204,158,5.40000000000001,0.18,5,GTM_55_7_1,1986
134,2,1969,2.1,22,0,48,158,6.5,0.22,22,GTM_55_7_1,1986
135,3,1969,1.3,62,0,77,158,10.6,0.36,62,GTM_55_7_1,1986
136,4,1969,1.6,96,0,144,158,20.2,0.65,96,GTM_55_7_1,1986
137,5,1969,0.800000000000001,100,22,65,120,25.4,0.85,122,GTM_55_7_1,1986
138,6,1969,-1.1,116,40,74,74,30.3,1.16,156,GTM_55_7_1,1986
139,7,1969,-0.899999999999999,135,26,125,58,33.6,1.33,161,GTM_55_7_1,1986
140,8,1969,-1.8,57,99,41,40,32,1.32,155,GTM_55_7_1,1986
141,9,1969,-1.5,104,7,107,38,28,1.07,110,GTM_55_7_1,1986
142,10,1969,-1.1,83,0,89,40,21.9,0.71,83,GTM_55_7_1,1986
143,11,1969,-1.6,53,2,55,39,13.8,0.47,55,GTM_55_7_1,1986
144,12,1969,-1.7,23,0,109,105,6.40000000000001,0.26,23,GTM_55_7_1,1986
145,1,1970,-2.2,0,0,19,105,3,0.2,0,GTM_55_7_1,1986
146,2,1970,-2.2,13,0,62,138,7,0.26,13,GTM_55_7_1,1986
147,3,1970,-1.4,53,0,161,158,9.90000000000001,0.28,53,GTM_55_7_1,1986
148,4,1970,-0.899999999999999,105,0,141,158,21.3,0.74,105,GTM_55_7_1,1986
149,5,1970,-1.1,120,13,103,135,26.6,0.93,133,GTM_55_7_1,1986
150,6,1970,1.5,138,3,140,131,28.5,0.89,141,GTM_55_7_1,1986
151,7,1970,1.1,109,57,37,57,32.1,1.21,165,GTM_55_7_1,1986
152,8,1970,1.4,131,6,135,55,31,1.03,137,GTM_55_7_1,1986
153,9,1970,1.6,114,0,133,67,29.8,1.08,114,GTM_55_7_1,1986
154,10,1970,2.2,81,0,111,92,20.9,0.66,81,GTM_55_7_1,1986
155,11,1970,1.5,52,8,48,85,13.7,0.46,60,GTM_55_7_1,1986
156,12,1970,0.700000000000003,42,0,76,116,10.8,0.34,42,GTM_55_7_1,1986
157,1,1971,0.800000000000001,2,0,85,123,4.40000000000001,0.2,2,GTM_55_7_1,1986
158,2,1971,1.3,25,0,113,158,7.5,0.27,25,GTM_55_7_1,1986
159,3,1971,-1.2,70,0,39,158,12.3,0.4,70,GTM_55_7_1,1986
160,4,1971,-2,88,28,41,109,21.3,0.89,116,GTM_55_7_1,1986
161,5,1971,-2.4,108,16,96,93,23.6,0.76,124,GTM_55_7_1,1986
162,6,1971,-2.8,109,41,80,60,31.6,1.14,151,GTM_55_7_1,1986
163,7,1971,-2.5,130,27,124,47,31.1,1.19,158,GTM_55_7_1,1986
164,8,1971,-2.6,87,54,78,35,30.4,1.15,140,GTM_55_7_1,1986
165,9,1971,-3.3,47,72,42,28,29.7,1.18,119,GTM_55_7_1,1986
166,10,1971,-3.9,20,74,16,23,26.4,1,94,GTM_55_7_1,1986
167,11,1971,-4.2,56,6,57,22,15.3,0.5,62,GTM_55_7_1,1986
168,12,1971,-3.9,47,0,165,132,12.2,0.41,47,GTM_55_7_1,1986
169,1,1972,-3.8,10,0,59,150,6.7,0.23,10,GTM_55_7_1,1986
170,2,1972,-3.6,35,0,74,158,8.60000000000001,0.32,35,GTM_55_7_1,1986
171,3,1972,-4,77,0,71,158,14.6,0.51,77,GTM_55_7_1,1986
172,4,1972,-2.9,104,0,170,158,20.1,0.69,104,GTM_55_7_1,1986
173,5,1972,-3.3,107,24,70,116,25.5,0.89,131,GTM_55_7_1,1986
174,6,1972,-3.6,111,55,54,57,30.6,1.33,165,GTM_55_7_1,1986
175,7,1972,-2.3,154,0,193,86,31,1.04,154,GTM_55_7_1,1986
176,8,1972,-1.7,118,25,105,68,31.1,1.04,144,GTM_55_7_1,1986
177,9,1972,2.2,109,0,179,129,28.2,0.99,109,GTM_55_7_1,1986
178,10,1972,2.9,80,0,111,155,19.8,0.64,80,GTM_55_7_1,1986
179,11,1972,3.9,41,0,162,158,10.5,0.28,41,GTM_55_7_1,1986
180,12,1972,4.2,20,0,133,158,6,0.21,20,GTM_55_7_1,1986
181,1,1973,4.3,10,0,95,158,6,0.18,10,GTM_55_7_1,1986
182,2,1973,3.5,22,0,50,158,7.5,0.23,22,GTM_55_7_1,1986
183,3,1973,4.6,66,0,255,158,16.4,0.43,66,GTM_55_7_1,1986
184,4,1973,6,87,0,236,158,17.3,0.43,87,GTM_55_7_1,1986
185,5,1973,6.8,120,0,227,158,23,0.65,120,GTM_55_7_1,1986
186,6,1973,6.6,125,19,98,125,29.9,0.95,144,GTM_55_7_1,1986
187,7,1973,6.2,125,37,85,81,32.8,1.28,162,GTM_55_7_1,1986
188,8,1973,5.2,102,51,73,48,31.7,1.14,152,GTM_55_7_1,1986
189,9,1973,4.6,94,15,93,43,28,0.97,108,GTM_55_7_1,1986
190,10,1973,4.6,87,0,107,59,24.5,0.8,87,GTM_55_7_1,1986
191,11,1973,5.2,61,0,205,158,16.4,0.53,61,GTM_55_7_1,1986
192,12,1973,5.4,32,0,144,158,7.10000000000001,0.25,32,GTM_55_7_1,1986
193,1,1974,5.4,15,0,94,158,5.8,0.14,15,GTM_55_7_1,1986
194,2,1974,4.4,46,0,72,158,9.8,0.36,46,GTM_55_7_1,1986
195,3,1974,3.8,73,0,128,158,16.4,0.49,73,GTM_55_7_1,1986
196,4,1974,3.4,108,1,112,156,20.6,0.69,109,GTM_55_7_1,1986
197,5,1974,3.6,113,0,153,158,24.6,0.5,113,GTM_55_7_1,1986
198,6,1974,3.7,117,19,90,126,26.8,0.74,135,GTM_55_7_1,1986
199,7,1974,2.9,100,65,32,57,33.7,1.47,165,GTM_55_7_1,1986
200,8,1974,3.6,148,0,184,84,30.4,1.03,148,GTM_55_7_1,1986
201,9,1974,3.7,97,0,107,88,23.9,0.7,97,GTM_55_7_1,1986
202,10,1974,3,57,30,36,66,22.8,0.86,87,GTM_55_7_1,1986
203,11,1974,2.9,54,0,126,131,14.6,0.41,54,GTM_55_7_1,1986
204,12,1974,2.1,36,0,65,157,8.3,0.24,36,GTM_55_7_1,1986
205,1,1975,2.2,24,0,99,158,8,0.19,24,GTM_55_7_1,1986
206,2,1975,2.6,25,0,115,158,6.8,0.23,25,GTM_55_7_1,1986
207,3,1975,3.7,57,0,239,158,10.5,0.3,57,GTM_55_7_1,1986
208,4,1975,3.2,101,5,97,149,19.4,0.66,107,GTM_55_7_1,1986
209,5,1975,2.9,123,1,127,147,26.3,0.83,124,GTM_55_7_1,1986
210,6,1975,2.8,125,30,82,101,29.8,0.93,155,GTM_55_7_1,1986
211,7,1975,2.8,141,25,125,78,31.9,1.2,167,GTM_55_7_1,1986
212,8,1975,3.5,137,0,156,89,30.5,0.9,137,GTM_55_7_1,1986
213,9,1975,3.9,110,0,125,98,25.3,0.86,110,GTM_55_7_1,1986
214,10,1975,3.2,58,31,33,71,23.8,0.85,89,GTM_55_7_1,1986
215,11,1975,2.8,49,0,85,102,15.7,0.37,49,GTM_55_7_1,1986
216,12,1975,2.5,37,0,117,158,8.3,0.27,37,GTM_55_7_1,1986
217,1,1976,2.1,3,0,41,158,5.5,0.23,3,GTM_55_7_1,1986
218,2,1976,1.3,49,0,67,158,13.3,0.41,49,GTM_55_7_1,1986
219,3,1976,0.800000000000001,84,0,124,158,17.3,0.53,84,GTM_55_7_1,1986
220,4,1976,-1.7,86,22,50,120,21.1,0.7,108,GTM_55_7_1,1986
221,5,1976,-2,108,14,96,104,22.6,0.67,122,GTM_55_7_1,1986
222,6,1976,-0.899999999999999,141,0,153,107,27.7,0.88,141,GTM_55_7_1,1986
223,7,1976,1.3,142,21,128,87,31.8,1.21,163,GTM_55_7_1,1986
224,8,1976,0.700000000000003,83,65,49,50,30.5,1.17,148,GTM_55_7_1,1986
225,9,1976,-1.3,51,68,40,36,28.2,1.23,119,GTM_55_7_1,1986
226,10,1976,-1.2,70,15,70,33,19.1,0.67,85,GTM_55_7_1,1986
227,11,1976,-2.2,23,35,18,26,11.2,0.43,57,GTM_55_7_1,1986
228,12,1976,-3,22,0,28,26,8.2,0.36,22,GTM_55_7_1,1986
229,1,1977,-3.4,0,0,47,26,-1.8,0.12,0,GTM_55_7_1,1986
230,2,1977,-4.1,26,0,54,77,8.60000000000001,0.28,26,GTM_55_7_1,1986
231,3,1977,-2.5,89,0,297,158,17,0.6,89,GTM_55_7_1,1986
232,4,1977,-2.8,101,19,72,126,22.9,0.84,119,GTM_55_7_1,1986
233,5,1977,-3.4,103,31,69,88,27.7,0.93,134,GTM_55_7_1,1986
234,6,1977,-3.5,115,46,85,54,30.7,1.29,161,GTM_55_7_1,1986
235,7,1977,-3.9,79,88,67,38,33,1.27,167,GTM_55_7_1,1986
236,8,1977,-2.8,149,0,168,49,31.4,1.09,149,GTM_55_7_1,1986
237,9,1977,-1.2,111,0,187,116,28.5,0.99,111,GTM_55_7_1,1986
238,10,1977,-1.1,64,25,39,89,21.5,0.71,88,GTM_55_7_1,1986
239,11,1977,-0.799999999999997,47,0,102,140,14.1,0.36,47,GTM_55_7_1,1986
240,12,1977,2,29,0,128,158,7.40000000000001,0.27,29,GTM_55_7_1,1986
241,1,1978,1.9,0,0,59,158,0,0.11,0,GTM_55_7_1,1986
242,2,1978,1.5,0,0,35,158,-0.0999999999999943,0.15,0,GTM_55_7_1,1986
243,3,1978,1.6,57,0,147,158,10.3,0.31,57,GTM_55_7_1,1986
244,4,1978,1,94,13,74,136,21.2,0.81,107,GTM_55_7_1,1986
245,5,1978,-0.599999999999998,100,20,76,108,24.1,0.65,120,GTM_55_7_1,1986
246,6,1978,-1.4,101,44,61,65,29.6,1.06,145,GTM_55_7_1,1986
247,7,1978,-1.2,133,29,124,50,32.8,1.32,162,GTM_55_7_1,1986
248,8,1978,0.700000000000003,150,1,158,49,31.6,1.21,151,GTM_55_7_1,1986
249,9,1978,-1.1,29,88,17,36,29.9,1.15,118,GTM_55_7_1,1986
250,10,1978,-1.5,50,39,44,29,21.9,0.76,89,GTM_55_7_1,1986
251,11,1978,-0.899999999999999,63,0,159,117,16,0.53,63,GTM_55_7_1,1986
252,12,1978,0.400000000000002,41,0,155,158,8.40000000000001,0.31,41,GTM_55_7_1,1986
253,1,1979,1.3,0,0,90,158,-1.59999999999999,0.09,0,GTM_55_7_1,1986
254,2,1979,2.5,0,0,138,158,2.6,0.16,0,GTM_55_7_1,1986
255,3,1979,3.3,54,0,216,158,13.1,0.31,54,GTM_55_7_1,1986
256,4,1979,4.3,86,0,196,158,18.4,0.53,86,GTM_55_7_1,1986
257,5,1979,4.2,116,0,144,158,23.3,0.67,116,GTM_55_7_1,1986
258,6,1979,3.6,111,38,48,92,29.5,0.99,149,GTM_55_7_1,1986
259,7,1979,4.2,150,0,169,102,30.9,1.08,150,GTM_55_7_1,1986
260,8,1979,4,111,28,89,77,30.6,0.96,139,GTM_55_7_1,1986
261,9,1979,3.2,78,38,57,53,27.8,1.01,115,GTM_55_7_1,1986
262,10,1979,2.2,49,51,36,38,23.5,0.9,100,GTM_55_7_1,1986
263,11,1979,2.2,50,0,126,108,13.9,0.39,50,GTM_55_7_1,1986
264,12,1979,1.6,39,0,94,158,9.5,0.3,39,GTM_55_7_1,1986
265,1,1980,1.2,10,0,43,158,5.7,0.19,10,GTM_55_7_1,1986
266,2,1980,1,1,0,47,158,4,0.18,1,GTM_55_7_1,1986
267,3,1980,1.1,53,0,139,158,10.7,0.29,53,GTM_55_7_1,1986
268,4,1980,-1.2,85,13,66,136,19,0.62,98,GTM_55_7_1,1986
269,5,1980,-1.5,103,17,84,112,25.1,0.78,120,GTM_55_7_1,1986
270,6,1980,-2,110,52,58,58,30.4,1.18,162,GTM_55_7_1,1986
271,7,1980,-3.1,69,121,54,40,36.5,1.75,190,GTM_55_7_1,1986
272,8,1980,-3.9,58,116,52,31,35.2,1.6,174,GTM_55_7_1,1986
273,9,1980,-3.8,98,30,97,26,30.6,1.33,128,GTM_55_7_1,1986
274,10,1980,-3.5,71,22,71,22,21.8,0.81,93,GTM_55_7_1,1986
275,11,1980,-3.8,57,0,62,24,14.2,0.51,57,GTM_55_7_1,1986
276,12,1980,-4.5,28,10,28,22,9,0.31,38,GTM_55_7_1,1986
277,1,1981,-5,3,0,25,23,5.60000000000001,0.24,3,GTM_55_7_1,1986
278,2,1981,-5.4,35,0,84,86,9.7,0.27,35,GTM_55_7_1,1986
279,3,1981,-6.1,66,13,57,77,14.4,0.53,78,GTM_55_7_1,1986
280,4,1981,-6.8,78,43,54,50,23.6,0.9,121,GTM_55_7_1,1986
281,5,1981,-5.1,105,0,224,157,22.1,0.54,105,GTM_55_7_1,1986
282,6,1981,-3.7,130,6,127,148,29.7,0.92,136,GTM_55_7_1,1986
283,7,1981,-1.5,153,0,195,158,31.9,1.08,153,GTM_55_7_1,1986
284,8,1981,-0.599999999999998,113,26,71,112,30.6,1.01,140,GTM_55_7_1,1986
285,9,1981,-1.1,72,44,27,66,27.7,0.98,116,GTM_55_7_1,1986
286,10,1981,-0.599999999999998,82,0,91,70,20.5,0.71,82,GTM_55_7_1,1986
287,11,1981,-0.899999999999999,53,0,59,73,16.1,0.48,53,GTM_55_7_1,1986
288,12,1981,-1.4,28,0,62,99,7.10000000000001,0.29,28,GTM_55_7_1,1986
289,1,1982,3.6,0,0,228,99,2.8,0.15,0,GTM_55_7_1,1986
290,2,1982,3.5,2,0,72,125,5.40000000000001,0.17,2,GTM_55_7_1,1986
291,3,1982,2.3,75,0,79,158,15.9,0.53,75,GTM_55_7_1,1986
292,4,1982,2,92,4,90,151,17.3,0.57,96,GTM_55_7_1,1986
293,5,1982,1.4,117,12,103,132,27.2,0.94,129,GTM_55_7_1,1986
294,6,1982,1.8,119,17,102,109,27.3,0.9,136,GTM_55_7_1,1986
295,7,1982,1.4,104,48,58,61,32.2,1.16,152,GTM_55_7_1,1986
296,8,1982,2.6,139,0,199,111,30.3,1.08,139,GTM_55_7_1,1986
297,9,1982,2.6,94,14,84,97,26.9,0.88,108,GTM_55_7_1,1986
298,10,1982,2.5,71,13,63,86,22.3,0.73,84,GTM_55_7_1,1986
299,11,1982,2.5,49,0,114,145,14.3,0.37,49,GTM_55_7_1,1986
300,12,1982,5,39,0,337,158,11.5,0.29,39,GTM_55_7_1,1986
301,1,1983,3.9,5,0,20,158,4.60000000000001,0.17,5,GTM_55_7_1,1986
302,2,1983,2.6,33,0,26,158,9,0.28,33,GTM_55_7_1,1986
303,3,1983,1.7,62,0,81,158,12.8,0.36,62,GTM_55_7_1,1986
304,4,1983,3.5,76,0,236,158,15.3,0.39,76,GTM_55_7_1,1986
305,5,1983,3.8,118,0,170,158,23,0.69,118,GTM_55_7_1,1986
306,6,1983,3.6,116,27,72,111,29.3,0.98,143,GTM_55_7_1,1986
307,7,1983,2.4,87,84,32,55,34.3,1.47,170,GTM_55_7_1,1986
308,8,1983,1.1,54,109,40,39,35.5,1.77,163,GTM_55_7_1,1986
309,9,1983,-2.8,41,91,34,30,29.9,1.34,132,GTM_55_7_1,1986
310,10,1983,-1.7,86,0,134,72,22.6,0.8,86,GTM_55_7_1,1986
311,11,1983,1.9,55,0,199,158,15,0.43,55,GTM_55_7_1,1986
312,12,1983,2.5,0,0,117,158,0.800000000000004,0.11,0,GTM_55_7_1,1986
313,1,1984,1.9,0,0,26,158,2.90000000000001,0.14,0,GTM_55_7_1,1986
314,2,1984,1.3,39,0,73,158,10.6,0.29,39,GTM_55_7_1,1986
315,3,1984,1.5,59,0,148,158,10.2,0.34,59,GTM_55_7_1,1986
316,4,1984,1.6,88,0,118,158,18.1,0.55,88,GTM_55_7_1,1986
317,5,1984,1.4,117,5,115,150,23,0.69,122,GTM_55_7_1,1986
318,6,1984,0.900000000000002,107,45,38,78,31.3,1.24,152,GTM_55_7_1,1986
319,7,1984,-0.399999999999999,110,54,84,48,31.8,1.24,165,GTM_55_7_1,1986
320,8,1984,-1.1,87,55,79,35,31.6,1.12,142,GTM_55_7_1,1986
321,9,1984,0.900000000000002,120,0,174,81,27,0.97,120,GTM_55_7_1,1986
322,10,1984,3.1,72,0,213,158,22.2,0.65,72,GTM_55_7_1,1986
323,11,1984,4.2,56,0,176,158,13.9,0.42,56,GTM_55_7_1,1986
324,12,1984,4.8,45,0,185,158,12.5,0.37,45,GTM_55_7_1,1986
325,1,1985,4.6,0,0,69,158,0.5,0.1,0,GTM_55_7_1,1986
326,2,1985,4.8,2,0,102,158,4.60000000000001,0.15,2,GTM_55_7_1,1986
327,3,1985,4.9,69,0,188,158,15.7,0.49,69,GTM_55_7_1,1986
328,4,1985,4.6,104,0,123,158,21.6,0.71,104,GTM_55_7_1,1986
329,5,1985,4.3,128,0,134,157,25,0.77,128,GTM_55_7_1,1986
330,6,1985,4.8,134,5,132,148,28.5,1.03,140,GTM_55_7_1,1986
331,7,1985,4.4,117,49,44,72,32.6,1.36,166,GTM_55_7_1,1986
332,8,1985,5.1,133,0,176,106,30,1.03,133,GTM_55_7_1,1986
333,9,1985,4.2,74,39,39,68,27.6,0.95,114,GTM_55_7_1,1986
334,10,1985,4.2,84,0,102,81,22.7,0.8,84,GTM_55_7_1,1986
335,11,1985,4.8,52,0,179,158,15.7,0.41,52,GTM_55_7_1,1986
336,12,1985,4.2,5,0,49,158,5.7,0.26,5,GTM_55_7_1,1986
337,1,1986,2.9,19,0,8,158,8.40000000000001,0.3,19,GTM_55_7_1,1986
338,2,1986,2.6,35,0,92,158,9,0.25,35,GTM_55_7_1,1986
339,3,1986,1.5,83,0,85,157,16.4,0.54,83,GTM_55_7_1,1986
340,4,1986,1.3,111,2,113,153,21.7,0.79,113,GTM_55_7_1,1986
341,5,1986,2.1,116,0,186,158,25.2,0.72,116,GTM_55_7_1,1986
342,6,1986,2.1,116,26,74,113,30.5,1.06,142,GTM_55_7_1,1986
343,7,1986,2.1,142,36,109,75,34.3,1.37,177,GTM_55_7_1,1986
344,8,1986,1.9,109,36,92,53,30.1,1.09,146,GTM_55_7_1,1986
345,9,1986,1.3,85,33,75,40,29.9,1.15,118,GTM_55_7_1,1986
346,10,1986,1.7,77,0,103,61,21.8,0.63,77,GTM_55_7_1,1986
347,11,1986,1.2,41,0,63,79,11.3,0.29,41,GTM_55_7_1,1986
348,12,1986,-0.599999999999998,27,0,55,105,7.7,0.24,27,GTM_55_7_1,1986
349,1,1987,-1.4,5,0,28,108,5.2,0.17,5,GTM_55_7_1,1986
350,2,1987,-1.2,37,0,103,158,9.3,0.3,37,GTM_55_7_1,1986
351,3,1987,-1.9,82,1,83,156,16.1,0.57,84,GTM_55_7_1,1986
352,4,1987,-2.4,86,24,49,116,21.4,0.74,109,GTM_55_7_1,1986
353,5,1987,-3.1,99,32,68,82,28,1,130,GTM_55_7_1,1986
354,6,1987,-3,110,33,93,59,30.9,1.07,143,GTM_55_7_1,1986
355,7,1987,-2.6,125,21,122,50,32,0.93,146,GTM_55_7_1,1986
356,8,1987,-2.8,90,65,80,36,32.9,1.37,154,GTM_55_7_1,1986
357,9,1987,-3.1,72,49,68,29,29.6,1.23,121,GTM_55_7_1,1986
358,10,1987,-3.3,42,49,39,24,20.1,0.77,91,GTM_55_7_1,1986
359,11,1987,-3.1,59,0,114,74,16.2,0.53,59,GTM_55_7_1,1986
360,12,1987,-1.8,39,0,225,158,9.3,0.28,39,GTM_55_7_1,1986
361,1,1988,-1.4,1,0,66,158,3.7,0.15,1,GTM_55_7_1,1986
362,2,1988,-1.2,6,0,60,158,6.60000000000001,0.22,6,GTM_55_7_1,1986
363,3,1988,-0.899999999999999,71,0,156,158,13.8,0.44,71,GTM_55_7_1,1986
364,4,1988,-1.7,91,29,43,107,21.7,0.85,120,GTM_55_7_1,1986
365,5,1988,-2.6,107,40,72,69,26.2,1.05,147,GTM_55_7_1,1986
366,6,1988,-3.9,47,122,24,44,31.5,1.52,169,GTM_55_7_1,1986
367,7,1988,-2.9,148,0,164,53,31.8,1.24,148,GTM_55_7_1,1986
368,8,1988,-2.9,95,53,84,38,33.1,1.32,147,GTM_55_7_1,1986
369,9,1988,-1.7,113,0,165,81,27.8,1.03,113,GTM_55_7_1,1986
370,10,1988,-1.1,82,2,85,80,19.1,0.68,85,GTM_55_7_1,1986
371,11,1988,2.2,54,0,167,158,15.2,0.44,54,GTM_55_7_1,1986
372,12,1988,1.6,49,0,71,158,10.2,0.41,49,GTM_55_7_1,1986
373,1,1989,1.5,31,0,89,158,9.90000000000001,0.27,31,GTM_55_7_1,1986
374,2,1989,4.2,1,0,233,158,3.8,0.16,1,GTM_55_7_1,1986
375,3,1989,4,62,0,150,158,13.7,0.35,62,GTM_55_7_1,1986
376,4,1989,3.1,87,12,70,137,20.3,0.65,100,GTM_55_7_1,1986
377,5,1989,2.2,104,24,75,104,23.9,0.69,127,GTM_55_7_1,1986
378,6,1989,2.7,123,0,134,108,27.6,0.73,123,GTM_55_7_1,1986
379,7,1989,2.5,105,33,76,76,30.4,0.89,138,GTM_55_7_1,1986
380,8,1989,2.1,99,40,78,51,31.1,1.06,139,GTM_55_7_1,1986
381,9,1989,1.5,70,32,61,39,25.9,0.76,102,GTM_55_7_1,1986
382,10,1989,0.600000000000001,38,53,31,30,23.2,0.83,91,GTM_55_7_1,1986
383,11,1989,-2.2,31,35,27,25,16.2,0.56,66,GTM_55_7_1,1986
384,12,1989,-2.8,0,0,33,25,3.8,0.2,0,GTM_55_7_1,1986
385,1,1990,-2.8,42,0,111,120,11.3,0.31,42,GTM_55_7_1,1986
386,2,1990,-1.8,45,0,175,158,11.4,0.33,45,GTM_55_7_1,1986
387,3,1990,-1.7,65,0,124,158,14.8,0.4,65,GTM_55_7_1,1986
388,4,1990,-1.3,92,0,119,158,19,0.53,92,GTM_55_7_1,1986
389,5,1990,2,109,0,209,158,22.2,0.57,109,GTM_55_7_1,1986
390,6,1990,1.6,115,40,49,89,30.2,1.01,155,GTM_55_7_1,1986
391,7,1990,1,106,55,71,51,32.2,1.21,161,GTM_55_7_1,1986
392,8,1990,0.600000000000001,91,51,81,37,30.6,0.97,142,GTM_55_7_1,1986
393,9,1990,0.600000000000001,108,3,113,36,29.8,1.15,111,GTM_55_7_1,1986
394,10,1990,1.1,90,0,111,52,21.9,0.71,90,GTM_55_7_1,1986
395,11,1990,0.900000000000002,61,0,107,92,18.6,0.59,61,GTM_55_7_1,1986
396,12,1990,2,39,0,221,158,9.60000000000001,0.29,39,GTM_55_7_1,1986
397,1,1991,2.3,1,0,86,158,3.2,0.13,1,GTM_55_7_1,1986
398,2,1991,1.5,43,0,63,158,11.2,0.34,43,GTM_55_7_1,1986
399,3,1991,1,78,0,111,158,15.9,0.49,78,GTM_55_7_1,1986
400,4,1991,1.8,95,0,175,158,21.1,0.65,95,GTM_55_7_1,1986
401,5,1991,1.7,107,0,116,158,26.2,0.66,107,GTM_55_7_1,1986
402,6,1991,1.5,106,32,54,103,30.4,0.98,138,GTM_55_7_1,1986
403,7,1991,0.800000000000001,104,67,58,54,33,1.37,171,GTM_55_7_1,1986
404,8,1991,0.700000000000003,115,30,109,42,32.1,1.28,145,GTM_55_7_1,1986
405,9,1991,-0.199999999999999,86,23,84,35,28.1,1.08,109,GTM_55_7_1,1986
406,10,1991,0.900000000000002,94,0,147,80,23.4,0.85,94,GTM_55_7_1,1986
407,11,1991,1.3,45,0,129,158,11.9,0.29,45,GTM_55_7_1,1986
408,12,1991,1.4,35,0,109,158,10.1,0.28,35,GTM_55_7_1,1986
409,1,1992,1,18,0,47,158,6.90000000000001,0.17,18,GTM_55_7_1,1986
410,2,1992,-0.599999999999998,45,0,62,158,12.1,0.38,45,GTM_55_7_1,1986
411,3,1992,-1.3,71,0,89,158,15.2,0.44,71,GTM_55_7_1,1986
412,4,1992,-1.5,94,9,82,142,20.9,0.69,103,GTM_55_7_1,1986
413,5,1992,-2.1,99,26,64,104,24,0.75,125,GTM_55_7_1,1986
414,6,1992,-2.1,100,37,70,70,27.9,0.99,137,GTM_55_7_1,1986
415,7,1992,-1.4,148,7,152,66,31.3,1.05,155,GTM_55_7_1,1986
416,8,1992,-1.6,84,51,64,43,28.7,0.9,135,GTM_55_7_1,1986
417,9,1992,-1.4,104,5,108,42,27,0.89,108,GTM_55_7_1,1986
418,10,1992,-1.7,50,41,42,32,22.3,0.8,90,GTM_55_7_1,1986
419,11,1992,-1,45,0,157,136,12.7,0.33,45,GTM_55_7_1,1986
420,12,1992,-1.1,30,0,78,158,7.90000000000001,0.24,30,GTM_55_7_1,1986
421,1,1993,1.3,10,0,128,158,6,0.17,10,GTM_55_7_1,1986
422,2,1993,1.2,9,0,63,158,6.60000000000001,0.24,9,GTM_55_7_1,1986
423,3,1993,0.600000000000001,52,0,82,158,11.3,0.29,52,GTM_55_7_1,1986
424,4,1993,0.700000000000003,82,0,107,158,17.4,0.47,82,GTM_55_7_1,1986
425,5,1993,0.700000000000003,116,0,122,157,23.8,0.65,116,GTM_55_7_1,1986
426,6,1993,1.9,133,0,146,158,28.9,0.85,133,GTM_55_7_1,1986
427,7,1993,2.1,131,38,69,92,33.8,1.33,169,GTM_55_7_1,1986
428,8,1993,2.2,119,23,106,74,31.9,1.08,143,GTM_55_7_1,1986
429,9,1993,4.1,110,0,241,158,26,0.87,110,GTM_55_7_1,1986
430,10,1993,4.4,78,0,83,158,20.3,0.64,78,GTM_55_7_1,1986
431,11,1993,5.4,44,0,172,158,12.4,0.33,44,GTM_55_7_1,1986
432,12,1993,4.7,36,0,73,158,8.5,0.28,36,GTM_55_7_1,1986
433,1,1994,5.1,0,0,106,158,2.6,0.11,0,GTM_55_7_1,1986
434,2,1994,4.3,30,0,68,158,8.40000000000001,0.3,30,GTM_55_7_1,1986
435,3,1994,3.4,74,0,100,158,14.5,0.49,74,GTM_55_7_1,1986
436,4,1994,3.9,111,0,182,158,21.2,0.79,111,GTM_55_7_1,1986
437,5,1994,2.6,99,31,48,104,23.8,0.77,130,GTM_55_7_1,1986
438,6,1994,2.3,112,26,92,80,30.6,1.1,138,GTM_55_7_1,1986
439,7,1994,1.9,113,38,92,55,30.8,0.99,151,GTM_55_7_1,1986
440,8,1994,1.5,96,45,84,39,30,1,142,GTM_55_7_1,1986
441,9,1994,1,80,30,75,30,26.9,0.93,109,GTM_55_7_1,1986
442,10,1994,0.700000000000003,64,20,63,26,22.4,0.79,84,GTM_55_7_1,1986
443,11,1994,1.7,59,0,217,158,16.8,0.52,59,GTM_55_7_1,1986
444,12,1994,1.5,37,0,80,158,10.6,0.3,37,GTM_55_7_1,1986
445,1,1995,1.8,10,0,89,158,5.60000000000001,0.16,10,GTM_55_7_1,1986
446,2,1995,1.2,35,0,64,158,8.8,0.3,35,GTM_55_7_1,1986
447,3,1995,-1.1,80,0,79,158,16.3,0.54,80,GTM_55_7_1,1986
448,4,1995,-1.3,98,9,87,141,20.8,0.71,108,GTM_55_7_1,1986
449,5,1995,0.700000000000003,116,0,173,158,23.5,0.65,116,GTM_55_7_1,1986
450,6,1995,1.4,125,8,117,143,28.6,0.8,134,GTM_55_7_1,1986
451,7,1995,2.4,140,15,124,121,31.2,0.99,155,GTM_55_7_1,1986
452,8,1995,2.5,107,36,69,79,33.5,1.15,143,GTM_55_7_1,1986
453,9,1995,2.1,87,25,75,63,26.2,0.94,112,GTM_55_7_1,1986
454,10,1995,1.5,65,33,51,47,23.6,0.9,98,GTM_55_7_1,1986
455,11,1995,1.1,54,0,76,65,12.6,0.41,54,GTM_55_7_1,1986
456,12,1995,0.600000000000001,30,0,102,129,7.40000000000001,0.27,30,GTM_55_7_1,1986
457,1,1996,0.800000000000001,3,0,81,140,5.10000000000001,0.14,3,GTM_55_7_1,1986
458,2,1996,-1.4,27,0,27,158,9.5,0.17,27,GTM_55_7_1,1986
459,3,1996,-1.4,59,0,111,158,11.1,0.31,59,GTM_55_7_1,1986
460,4,1996,0.700000000000003,99,0,163,158,18.5,0.6,99,GTM_55_7_1,1986
461,5,1996,0.700000000000003,130,1,135,156,25.7,0.81,130,GTM_55_7_1,1986
462,6,1996,1.1,121,20,92,123,29.2,0.79,141,GTM_55_7_1,1986
463,7,1996,1.4,129,30,100,88,30.9,1.21,159,GTM_55_7_1,1986
464,8,1996,0.600000000000001,65,75,29,50,31.5,1.11,140,GTM_55_7_1,1986
465,9,1996,1.6,106,0,171,107,26.8,0.91,106,GTM_55_7_1,1986
466,10,1996,1.8,77,6,75,101,21.9,0.69,83,GTM_55_7_1,1986
467,11,1996,2.7,45,0,165,158,10.4,0.32,45,GTM_55_7_1,1986
468,12,1996,2.4,37,0,92,158,9.3,0.29,37,GTM_55_7_1,1986
469,1,1997,2.5,1,0,75,158,4,0.09,1,GTM_55_7_1,1986
470,2,1997,2.6,33,0,107,158,8.90000000000001,0.25,33,GTM_55_7_1,1986
471,3,1997,2.3,76,0,145,158,15.7,0.49,76,GTM_55_7_1,1986
472,4,1997,2.5,89,0,124,158,16.9,0.49,89,GTM_55_7_1,1986
473,5,1997,2.7,117,0,153,158,22.2,0.65,117,GTM_55_7_1,1986
474,6,1997,3.5,111,0,123,158,27.7,0.6,111,GTM_55_7_1,1986
475,7,1997,3.6,125,32,73,103,32.2,1.13,157,GTM_55_7_1,1986
476,8,1997,3.9,117,15,109,89,29.8,0.88,132,GTM_55_7_1,1986
477,9,1997,3.4,90,23,76,71,28.1,1,113,GTM_55_7_1,1986
478,10,1997,3.2,68,14,63,64,21.8,0.68,82,GTM_55_7_1,1986
479,11,1997,2.5,40,0,57,78,11.3,0.28,40,GTM_55_7_1,1986
480,12,1997,1.8,25,0,73,122,6.8,0.19,25,GTM_55_7_1,1986
481,1,1998,1.5,24,0,84,158,7.60000000000001,0.14,24,GTM_55_7_1,1986
482,2,1998,1.5,32,0,94,158,10.3,0.2,32,GTM_55_7_1,1986
483,3,1998,1.9,48,0,161,158,11.9,0.19,48,GTM_55_7_1,1986
484,4,1998,2.4,86,0,145,158,18.7,0.48,86,GTM_55_7_1,1986
485,5,1998,1.9,116,11,103,139,26.8,0.76,126,GTM_55_7_1,1986
486,6,1998,2.6,140,11,131,124,29.5,0.84,150,GTM_55_7_1,1986
487,7,1998,4,146,0,187,155,32,1.1,146,GTM_55_7_1,1986
488,8,1998,4.2,112,29,68,107,31.4,0.99,141,GTM_55_7_1,1986
489,9,1998,2.9,69,54,17,55,30.8,1.35,123,GTM_55_7_1,1986
490,10,1998,3.1,88,0,106,68,23.2,0.75,88,GTM_55_7_1,1986
491,11,1998,2.3,55,1,57,67,16.5,0.51,57,GTM_55_7_1,1986
492,12,1998,1.6,33,0,84,114,9.5,0.22,33,GTM_55_7_1,1986
493,1,1999,2.8,15,0,178,158,6.5,0.17,15,GTM_55_7_1,1986
494,2,1999,2.2,45,0,75,158,11.8,0.35,45,GTM_55_7_1,1986
495,3,1999,1.4,66,0,85,158,11.9,0.38,66,GTM_55_7_1,1986
496,4,1999,2.2,94,0,179,158,20.4,0.59,94,GTM_55_7_1,1986
497,5,1999,1.7,113,13,96,136,24.7,0.67,126,GTM_55_7_1,1986
498,6,1999,2.3,123,10,115,122,28.6,0.77,132,GTM_55_7_1,1986
499,7,1999,1.6,101,64,37,56,33.1,1.11,165,GTM_55_7_1,1986
500,8,1999,-1.5,62,105,47,39,32,1.34,167,GTM_55_7_1,1986
501,9,1999,-2.6,29,100,22,31,28.9,1.32,129,GTM_55_7_1,1986
502,10,1999,-2.5,76,19,76,27,23.4,0.91,95,GTM_55_7_1,1986
503,11,1999,-3.5,25,44,22,23,19.3,0.7,68,GTM_55_7_1,1986
504,12,1999,-3.4,41,0,136,110,10.4,0.3,41,GTM_55_7_1,1986
505,1,2000,-3.2,13,0,81,151,6.60000000000001,0.2,13,GTM_55_7_1,1986
506,2,2000,-2.8,45,0,104,158,12.5,0.34,45,GTM_55_7_1,1986
507,3,2000,-3,75,0,98,158,16,0.46,75,GTM_55_7_1,1986
508,4,2000,-3.3,80,18,52,127,19.2,0.57,98,GTM_55_7_1,1986
509,5,2000,-2.9,124,0,141,137,25.5,0.68,124,GTM_55_7_1,1986
510,6,2000,-1.3,129,0,151,151,27.6,0.68,129,GTM_55_7_1,1986
511,7,2000,-0.699999999999999,125,28,83,106,30.9,0.91,153,GTM_55_7_1,1986
512,8,2000,-0.799999999999997,106,48,64,60,32.9,1.24,154,GTM_55_7_1,1986
513,9,2000,-1.2,83,40,68,42,28.7,1.1,123,GTM_55_7_1,1986
514,10,2000,-1.6,42,44,34,32,24,0.8,86,GTM_55_7_1,1986
515,11,2000,-1.2,43,0,124,107,11.6,0.3,43,GTM_55_7_1,1986
516,12,2000,-1.4,0,0,64,107,1,0.11,0,GTM_55_7_1,1986
517,1,2001,-1.4,3,0,37,118,4.7,0.12,3,GTM_55_7_1,1986
518,2,2001,-0.699999999999999,34,0,128,158,8.60000000000001,0.26,34,GTM_55_7_1,1986
519,3,2001,-1.4,61,0,61,158,11.5,0.36,61,GTM_55_7_1,1986
520,4,2001,-2.1,91,25,50,114,23.2,0.83,116,GTM_55_7_1,1986
521,5,2001,-2.4,115,17,102,97,25.5,0.75,131,GTM_55_7_1,1986
522,6,2001,-2.4,102,38,74,65,28.4,0.8,139,GTM_55_7_1,1986
523,7,2001,-2.1,126,24,119,52,32.2,1.1,150,GTM_55_7_1,1986
524,8,2001,-2.2,96,49,85,38,31.8,1.06,144,GTM_55_7_1,1986
525,9,2001,-2.2,86,29,83,30,27.4,0.91,115,GTM_55_7_1,1986
526,10,2001,-1.2,86,0,135,72,21.6,0.66,86,GTM_55_7_1,1986
527,11,2001,-0.799999999999997,57,0,121,130,18.9,0.56,57,GTM_55_7_1,1986
528,12,2001,1.8,37,0,181,158,10.8,0.28,37,GTM_55_7_1,1986
529,1,2002,1.7,35,0,87,158,9.40000000000001,0.26,35,GTM_55_7_1,1986
530,2,2002,1.4,40,0,85,158,9.60000000000001,0.28,40,GTM_55_7_1,1986
531,3,2002,2.3,59,0,213,158,12.6,0.32,59,GTM_55_7_1,1986
532,4,2002,2.4,99,0,131,158,21.2,0.63,99,GTM_55_7_1,1986
533,5,2002,4,111,0,247,158,22.9,0.53,111,GTM_55_7_1,1986
534,6,2002,4,119,18,92,127,30.1,0.85,137,GTM_55_7_1,1986
535,7,2002,3.9,119,33,82,86,32.8,1.1,152,GTM_55_7_1,1986
536,8,2002,3.9,122,22,112,70,32,1.12,144,GTM_55_7_1,1986
537,9,2002,3.5,105,13,102,63,30,1.23,118,GTM_55_7_1,1986
538,10,2002,3.6,74,0,80,65,19.9,0.55,74,GTM_55_7_1,1986
539,11,2002,2.6,44,5,43,63,13,0.38,49,GTM_55_7_1,1986
540,12,2002,2.7,38,0,172,158,8.8,0.29,38,GTM_55_7_1,1986
541,1,2003,2,0,0,22,158,3.5,0.15,0,GTM_55_7_1,1986
542,2,2003,2.9,4,0,126,158,4.90000000000001,0.18,4,GTM_55_7_1,1986
543,3,2003,1.6,66,0,51,158,15,0.41,66,GTM_55_7_1,1986
544,4,2003,1.5,105,0,115,158,20.5,0.63,105,GTM_55_7_1,1986
545,5,2003,2,116,0,165,158,23.6,0.61,116,GTM_55_7_1,1986
546,6,2003,2.4,116,14,97,134,27,0.74,130,GTM_55_7_1,1986
547,7,2003,2.4,124,37,79,84,31.9,1.1,161,GTM_55_7_1,1986
548,8,2003,2.8,136,9,136,78,32.5,1.24,145,GTM_55_7_1,1986
549,9,2003,2.9,109,3,113,76,26.6,0.94,113,GTM_55_7_1,1986
550,10,2003,2.6,69,19,61,64,22.8,0.85,88,GTM_55_7_1,1986
551,11,2003,2.7,56,0,140,141,16.2,0.45,56,GTM_55_7_1,1986
552,12,2003,2.2,42,0,85,158,9.40000000000001,0.32,42,GTM_55_7_1,1986
553,1,2004,2,5,0,57,158,5.3,0.19,5,GTM_55_7_1,1986
554,2,2004,1.2,27,0,39,158,7.8,0.25,27,GTM_55_7_1,1986
555,3,2004,1,71,0,135,158,15.8,0.45,71,GTM_55_7_1,1986
556,4,2004,0.800000000000001,104,4,101,150,20.4,0.71,108,GTM_55_7_1,1986
557,5,2004,1.2,120,0,157,158,25.8,0.63,120,GTM_55_7_1,1986
558,6,2004,1.4,113,23,78,119,28.1,0.81,135,GTM_55_7_1,1986
559,7,2004,2.5,144,0,156,123,30,0.88,144,GTM_55_7_1,1986
560,8,2004,3.1,119,19,103,101,28.7,0.88,138,GTM_55_7_1,1986
561,9,2004,1.9,57,64,9,53,29,1.14,121,GTM_55_7_1,1986
562,10,2004,2.5,83,0,125,89,22.6,0.8,83,GTM_55_7_1,1986
563,11,2004,3.2,50,0,173,158,15.5,0.44,50,GTM_55_7_1,1986
564,12,2004,2.7,36,0,75,158,9,0.26,36,GTM_55_7_1,1986
565,1,2005,3.3,25,0,130,158,7,0.2,25,GTM_55_7_1,1986
566,2,2005,2.6,37,0,68,158,10,0.28,37,GTM_55_7_1,1986
567,3,2005,1.8,73,0,95,158,12.9,0.44,73,GTM_55_7_1,1986
568,4,2005,1.6,100,2,101,154,20.5,0.69,102,GTM_55_7_1,1986
569,5,2005,-1.8,103,38,43,91,24.7,0.9,141,GTM_55_7_1,1986
570,6,2005,-2.7,75,78,37,51,30.5,1.12,153,GTM_55_7_1,1986
571,7,2005,-1.8,166,0,177,53,32.5,1.34,166,GTM_55_7_1,1986
572,8,2005,-1.5,122,28,116,42,32.6,1.47,149,GTM_55_7_1,1986
573,9,2005,-1.1,121,1,127,42,30.1,1.29,122,GTM_55_7_1,1986
574,10,2005,-1.8,21,65,12,32,22.3,0.74,86,GTM_55_7_1,1986
575,11,2005,-1.3,65,0,149,108,16.4,0.54,65,GTM_55_7_1,1986
576,12,2005,-2,19,2,18,107,6.5,0.23,21,GTM_55_7_1,1986
577,1,2006,-2.1,45,0,100,157,11.8,0.32,45,GTM_55_7_1,1986
578,2,2006,-2.3,31,0,58,158,8.3,0.3,31,GTM_55_7_1,1986
579,3,2006,-1.3,72,0,200,158,14.6,0.46,72,GTM_55_7_1,1986
580,4,2006,-1.7,106,16,82,130,23,0.93,122,GTM_55_7_1,1986
581,5,2006,-1.6,123,5,122,124,24.1,0.74,128,GTM_55_7_1,1986
582,6,2006,-1.8,109,46,58,69,29.5,1.17,155,GTM_55_7_1,1986
583,7,2006,-1.2,161,9,164,64,33.2,1.32,171,GTM_55_7_1,1986
584,8,2006,-0.899999999999999,127,29,119,50,32.6,1.38,156,GTM_55_7_1,1986
585,9,2006,1.5,114,0,177,103,26.6,0.96,114,GTM_55_7_1,1986
586,10,2006,2.8,85,0,152,158,20.5,0.71,85,GTM_55_7_1,1986
587,11,2006,3.1,52,0,113,158,16,0.49,52,GTM_55_7_1,1986
588,12,2006,3.1,42,0,117,158,11.6,0.34,42,GTM_55_7_1,1986
589,1,2007,3.6,20,0,123,158,6.8,0.18,20,GTM_55_7_1,1986
590,2,2007,4.1,3,0,109,158,5,0.22,3,GTM_55_7_1,1986
591,3,2007,2.6,76,0,47,158,19,0.58,76,GTM_55_7_1,1986
592,4,2007,2.1,103,5,100,149,18.9,0.62,108,GTM_55_7_1,1986
593,5,2007,1.6,128,10,118,133,27.1,1.11,138,GTM_55_7_1,1986
594,6,2007,1,115,40,65,80,30.2,1.26,155,GTM_55_7_1,1986
595,7,2007,-2.2,103,70,74,48,31.6,1.35,173,GTM_55_7_1,1986
596,8,2007,-3.5,31,140,19,36,35,1.74,171,GTM_55_7_1,1986
597,9,2007,-3.6,84,45,80,28,30.6,1.57,129,GTM_55_7_1,1986
598,10,2007,-2.9,97,0,109,35,24.7,0.91,97,GTM_55_7_1,1986
599,11,2007,-3.4,50,14,48,32,15.5,0.57,64,GTM_55_7_1,1986
600,12,2007,-2.7,38,0,194,158,9.10000000000001,0.3,38,GTM_55_7_1,1986
601,1,2008,-2.7,9,0,38,158,6.60000000000001,0.17,9,GTM_55_7_1,1986
602,2,2008,-1,18,0,161,158,6.8,0.23,18,GTM_55_7_1,1986
603,3,2008,3.5,67,0,316,158,13.7,0.42,67,GTM_55_7_1,1986
604,4,2008,4.4,93,0,201,158,19,0.54,93,GTM_55_7_1,1986
605,5,2008,4.2,126,0,138,158,23.4,0.77,126,GTM_55_7_1,1986
606,6,2008,3.7,124,35,68,98,30,1.13,159,GTM_55_7_1,1986
607,7,2008,3.7,138,24,123,77,31.8,1.18,162,GTM_55_7_1,1986
608,8,2008,2.8,85,63,58,47,30.9,1.27,148,GTM_55_7_1,1986
609,9,2008,2.6,107,5,111,46,28,1.04,112,GTM_55_7_1,1986
610,10,2008,2.2,65,24,59,38,22.3,0.83,89,GTM_55_7_1,1986
611,11,2008,1.3,45,5,46,36,13.7,0.4,51,GTM_55_7_1,1986
612,12,2008,0.700000000000003,32,0,96,90,8.10000000000001,0.27,32,GTM_55_7_1,1986
613,1,2009,-1.5,1,0,74,95,4.40000000000001,0.2,1,GTM_55_7_1,1986
614,2,2009,-1.7,44,0,74,158,10.4,0.32,44,GTM_55_7_1,1986
615,3,2009,-2.1,79,0,98,158,15.8,0.5,79,GTM_55_7_1,1986
616,4,2009,-1.2,99,0,159,158,19.4,0.59,99,GTM_55_7_1,1986
617,5,2009,1.8,117,0,203,158,24.3,0.79,117,GTM_55_7_1,1986
618,6,2009,2.1,126,21,96,122,30.3,1.06,147,GTM_55_7_1,1986
619,7,2009,2.9,142,6,142,115,29.3,1.01,148,GTM_55_7_1,1986
620,8,2009,3.2,117,29,90,84,29.8,0.99,145,GTM_55_7_1,1986
621,9,2009,3.2,97,4,99,81,26.9,0.96,100,GTM_55_7_1,1986
622,10,2009,5.5,71,0,234,158,18.2,0.49,71,GTM_55_7_1,1986
623,11,2009,4.6,49,5,42,149,17.4,0.55,54,GTM_55_7_1,1986
624,12,2009,4.9,30,0,148,158,6.90000000000001,0.25,30,GTM_55_7_1,1986
625,1,2010,4.6,0,0,61,158,2.6,0.09,0,GTM_55_7_1,1986
626,2,2010,4,1,0,45,158,3.5,0.13,1,GTM_55_7_1,1986
627,3,2010,3.5,60,0,122,158,14.4,0.37,60,GTM_55_7_1,1986
628,4,2010,2.9,109,9,100,143,23,0.85,118,GTM_55_7_1,1986
629,5,2010,3,123,0,157,158,25.2,0.72,123,GTM_55_7_1,1986
630,6,2010,2.6,116,35,60,98,31.4,1.07,151,GTM_55_7_1,1986
631,7,2010,3,144,11,142,88,33,1.21,156,GTM_55_7_1,1986
632,8,2010,2,85,76,49,50,34.1,1.49,161,GTM_55_7_1,1986
633,9,2010,1.5,96,30,89,39,29.4,1.33,127,GTM_55_7_1,1986
634,10,2010,-1.9,22,85,14,30,24.6,1.11,108,GTM_55_7_1,1986
635,11,2010,-1.7,62,0,114,76,16.3,0.54,62,GTM_55_7_1,1986
636,12,2010,-2.3,7,0,33,82,5,0.17,7,GTM_55_7_1,1986
637,1,2011,-2.6,1,0,38,84,3.8,0.17,1,GTM_55_7_1,1986
638,2,2011,-2.2,30,0,111,158,8.5,0.24,30,GTM_55_7_1,1986
639,3,2011,-1.8,67,0,148,158,13.8,0.41,67,GTM_55_7_1,1986
640,4,2011,1.5,110,0,211,158,21.8,0.75,110,GTM_55_7_1,1986
641,5,2011,2,116,0,161,158,23.6,0.5,116,GTM_55_7_1,1986
642,6,2011,2.5,141,17,117,128,30.9,1.1,158,GTM_55_7_1,1986
643,7,2011,2.4,124,39,79,80,34.4,1.36,162,GTM_55_7_1,1986
644,8,2011,1.6,96,66,67,48,32.9,1.47,161,GTM_55_7_1,1986
645,9,2011,1.6,105,8,107,45,26.5,0.99,113,GTM_55_7_1,1986
646,10,2011,0.800000000000001,45,49,35,34,22.9,0.88,94,GTM_55_7_1,1986
647,11,2011,1.3,62,0,170,134,16.1,0.49,62,GTM_55_7_1,1986
648,12,2011,1.5,38,0,140,158,10.4,0.29,38,GTM_55_7_1,1986
649,1,2012,1,42,0,61,158,9.7,0.31,42,GTM_55_7_1,1986
650,2,2012,0.600000000000001,44,0,78,158,10.7,0.34,44,GTM_55_7_1,1986
651,3,2012,-0.399999999999999,83,0,122,158,20.8,0.59,83,GTM_55_7_1,1986
652,4,2012,-0.899999999999999,118,3,119,153,22.1,0.82,120,GTM_55_7_1,1986
653,5,2012,-1.7,121,34,69,98,28.4,1.13,155,GTM_55_7_1,1986
654,6,2012,-2.9,70,107,26,53,31.6,1.4,177,GTM_55_7_1,1986
655,7,2012,-3.8,61,123,48,38,35.9,1.96,184,GTM_55_7_1,1986
656,8,2012,-3.6,115,55,113,30,32.8,1.71,171,GTM_55_7_1,1986
657,9,2012,-2.8,115,0,139,47,27.4,1.1,115,GTM_55_7_1,1986
658,10,2012,-2.3,75,11,75,43,20.6,0.65,86,GTM_55_7_1,1986
659,11,2012,-2.8,46,9,46,40,15.4,0.5,55,GTM_55_7_1,1986
660,12,2012,-3.1,40,0,85,81,11.6,0.31,40,GTM_55_7_1,1986
661,1,2013,-2.4,24,0,137,158,7.8,0.2,24,GTM_55_7_1,1986
662,2,2013,-1.8,31,0,106,158,7.60000000000001,0.25,31,GTM_55_7_1,1986
663,3,2013,-1.3,55,0,147,158,10.2,0.3,55,GTM_55_7_1,1986
664,4,2013,1.5,90,0,152,158,19.2,0.54,90,GTM_55_7_1,1986
665,5,2013,2.6,105,0,200,158,23.9,0.51,105,GTM_55_7_1,1986
666,6,2013,2.9,127,18,101,127,29.2,0.88,145,GTM_55_7_1,1986
667,7,2013,3.3,127,21,107,101,30.6,1.02,149,GTM_55_7_1,1986
668,8,2013,2.9,98,40,66,65,30.5,1.11,138,GTM_55_7_1,1986
669,9,2013,2.3,87,30,75,50,29.5,1.27,117,GTM_55_7_1,1986
670,10,2013,2.3,79,1,83,49,21.8,0.66,80,GTM_55_7_1,1986
671,11,2013,1.5,50,3,51,48,13.2,0.4,53,GTM_55_7_1,1986
672,12,2013,1.1,26,0,113,123,7.40000000000001,0.25,26,GTM_55_7_1,1986
673,1,2014,1,0,0,57,123,4.3,0.19,0,GTM_55_7_1,1986
674,2,2014,1.2,2,0,74,130,4.5,0.22,2,GTM_55_7_1,1986
675,3,2014,0.600000000000001,71,0,102,158,12.7,0.43,71,GTM_55_7_1,1986
676,4,2014,1.5,109,0,186,158,20.3,0.75,109,GTM_55_7_1,1986
677,5,2014,1.2,121,8,113,144,25.4,0.83,128,GTM_55_7_1,1986
678,6,2014,2,130,7,126,134,29.3,0.83,137,GTM_55_7_1,1986
679,7,2014,1.9,123,45,66,74,29.7,1.04,168,GTM_55_7_1,1986
680,8,2014,2.3,139,5,143,71,31.9,1.16,144,GTM_55_7_1,1986
681,9,2014,2.2,106,15,102,62,28.3,1.13,121,GTM_55_7_1,1986
682,10,2014,2.9,88,0,134,102,22.4,0.8,88,GTM_55_7_1,1986
683,11,2014,2.4,50,0,65,114,11.3,0.35,50,GTM_55_7_1,1986
684,12,2014,1.8,32,0,81,158,8.7,0.27,32,GTM_55_7_1,1986
685,1,2015,1.4,11,0,46,158,6.40000000000001,0.22,11,GTM_55_7_1,1986
686,2,2015,2,0,0,101,158,3.1,0.16,0,GTM_55_7_1,1986
687,3,2015,1.8,62,0,134,158,13.8,0.45,62,GTM_55_7_1,1986
688,4,2015,2,109,0,140,158,21.1,0.81,109,GTM_55_7_1,1986
689,5,2015,2.1,119,0,145,158,25.2,0.71,119,GTM_55_7_1,1986
690,6,2015,2.9,133,6,129,147,29.7,0.86,139,GTM_55_7_1,1986
691,7,2015,4,153,7,150,137,32.1,1.21,160,GTM_55_7_1,1986
692,8,2015,5.1,140,8,135,125,30.6,1.13,148,GTM_55_7_1,1986
693,9,2015,4.7,92,24,67,97,29.9,1.21,116,GTM_55_7_1,1986
694,10,2015,4.2,69,28,48,73,23.2,0.9,97,GTM_55_7_1,1986
695,11,2015,4.9,60,0,198,158,17.2,0.55,60,GTM_55_7_1,1986
696,12,2015,5.8,47,0,218,158,13.8,0.4,47,GTM_55_7_1,1986
697,1,2016,4.9,11,0,44,158,6.40000000000001,0.25,11,GTM_55_7_1,1986
698,2,2016,4.1,45,0,66,158,10.1,0.36,45,GTM_55_7_1,1986
699,3,2016,3.6,75,0,152,158,17.1,0.59,75,GTM_55_7_1,1986
700,4,2016,3.1,109,3,110,153,21.3,0.81,111,GTM_55_7_1,1986
701,5,2016,2.7,116,5,113,145,23.8,0.77,122,GTM_55_7_1,1986
702,6,2016,2.5,113,40,55,84,31.6,1.33,153,GTM_55_7_1,1986
703,7,2016,2.7,159,0,217,131,32.4,1.17,159,GTM_55_7_1,1986
704,8,2016,4.1,132,0,164,155,31.7,1.11,132,GTM_55_7_1,1986
705,9,2016,3.7,110,12,96,136,30.5,1.3,122,GTM_55_7_1,1986
706,10,2016,3.1,74,23,44,104,25.9,1.01,97,GTM_55_7_1,1986
707,11,2016,2.3,59,0,75,116,18.1,0.6,59,GTM_55_7_1,1986
708,12,2016,1.5,38,0,84,157,8.10000000000001,0.33,38,GTM_55_7_1,1986
709,1,2017,0.900000000000002,32,0,72,158,9,0.22,32,GTM_55_7_1,1986
710,2,2017,-2.2,45,8,32,143,14.8,0.45,53,GTM_55_7_1,1986
711,3,2017,-1.9,81,0,133,158,15.8,0.54,81,GTM_55_7_1,1986
712,4,2017,1.9,104,0,220,158,22.3,0.78,104,GTM_55_7_1,1986
713,5,2017,1.7,135,0,146,158,24.9,0.85,135,GTM_55_7_1,1986
714,6,2017,1.9,132,16,109,130,27.4,1.16,148,GTM_55_7_1,1986
715,7,2017,1.5,131,29,99,92,32.9,1.38,161,GTM_55_7_1,1986
716,8,2017,1.1,136,0,148,97,29.5,1.08,136,GTM_55_7_1,1986
717,9,2017,-1.4,80,41,47,63,29.3,1.3,120,GTM_55_7_1,1986
718,10,2017,-1.7,80,6,81,60,23.2,0.86,85,GTM_55_7_1,1986
719,11,2017,-1.9,48,14,44,53,16.3,0.52,62,GTM_55_7_1,1986
720,12,2017,-2.5,38,0,75,86,8.40000000000001,0.36,38,GTM_55_7_1,1986
721,1,2018,-2.6,1,0,66,91,4.60000000000001,0.22,1,GTM_55_7_1,1986
722,2,2018,-0.899999999999999,34,0,201,158,10.2,0.26,34,GTM_55_7_1,1986
723,3,2018,1.7,68,0,157,158,13.3,0.35,68,GTM_55_7_1,1986
724,4,2018,1.7,91,1,94,156,16.7,0.52,92,GTM_55_7_1,1986
725,5,2018,1.3,119,9,110,141,28.9,0.93,128,GTM_55_7_1,1986
726,6,2018,1.5,115,34,70,92,31.5,1.15,148,GTM_55_7_1,1986
727,7,2018,0.900000000000002,119,45,87,56,32.5,1.29,164,GTM_55_7_1,1986
728,8,2018,0.900000000000002,119,17,117,49,31.4,1.02,136,GTM_55_7_1,1986
729,9,2018,1.7,103,0,122,62,29.4,0.86,103,GTM_55_7_1,1986
730,10,2018,2.2,77,0,86,67,22.1,0.62,77,GTM_55_7_1,1986
731,11,2018,2.7,41,0,96,117,10.5,0.27,41,GTM_55_7_1,1986
732,12,2018,3.8,34,0,169,158,9.8,0.23,34,GTM_55_7_1,1986
733,1,2019,3.1,18,0,146,158,6.90000000000001,0.18,18,GTM_55_7_1,1986
734,2,2019,4.5,32,0,202,158,10.4,0.25,32,GTM_55_7_1,1986
735,3,2019,4.2,69,0,152,158,12.6,0.43,69,GTM_55_7_1,1986
736,4,2019,4.8,98,0,188,158,20.8,0.66,98,GTM_55_7_1,1986
737,5,2019,6.5,115,0,279,158,25.8,0.61,115,GTM_55_7_1,1986
738,6,2019,6.3,117,15,97,133,28.8,0.78,131,GTM_55_7_1,1986
739,7,2019,7.1,150,0,160,134,32.2,1.04,150,GTM_55_7_1,1986
740,8,2019,7.8,138,1,144,133,31.9,1.02,139,GTM_55_7_1,1986
741,9,2019,6.7,92,43,38,76,32.2,1.45,135,GTM_55_7_1,1986
742,10,2019,8.2,85,0,216,158,21.9,0.72,85,GTM_55_7_1,1986
743,11,2019,8.4,46,0,138,158,11.4,0.34,46,GTM_55_7_1,1986
744,12,2019,7.1,39,0,62,158,11.3,0.32,39,GTM_55_7_1,1986
